check,run,theta_deg,omega_c_cm-1,C_disp_A,LP_cm-1,UP_cm-1,Rabi_cm-1,max_rotation_deg
orientation,nep_cav_w2400_lam0.1_th0,0,2400,0.01,2245,2605,360,0.0
orientation,nep_cav_w2400_lam0.1_th15,15,2400,0.01,2251,2592,340,9.9
orientation,nep_cav_w2400_lam0.1_th30,30,2400,0.01,2271,2572,300,17.6
orientation,nep_cav_w2400_lam0.1_th45,45,2400,0.01,2298,2538,240,29.6
orientation,nep_cav_w2400_lam0.1_th60,60,2400,0.01,2431,2505,73,38.2
orientation,nep_cav_w2400_lam0.1_th75,75,2400,0.01,2438,2451,13,25.3
orientation,nep_cav_w2400_lam0.1_th90,90,2400,0.01,2438,2438,0,0.0
detuning,nep_cav_w2100_lam0.1_detune,0,2100,0.01,2031,2525,494,
detuning,nep_cav_w2200_lam0.1_detune,0,2200,0.01,2111,2545,434,
detuning,nep_cav_w2300_lam0.1_detune,0,2300,0.01,2185,2572,387,
detuning,nep_cav_w2400_lam0.1_detune,0,2400,0.01,2245,2605,360,
detuning,nep_cav_w2438_lam0.1_detune,0,2438,0.01,2265,2625,360,
detuning,nep_cav_w2500_lam0.1_detune,0,2500,0.01,2298,2658,360,
detuning,nep_cav_w2600_lam0.1_detune,0,2600,0.01,2331,2725,394,
detuning,nep_cav_w2700_lam0.1_detune,0,2700,0.01,2358,2798,440,
detuning,nep_cav_w2800_lam0.1_detune,0,2800,0.01,2371,2885,514,
amplitude,nep_cav_w2400_lam0.1_disp0.005,0,2400,0.005,2245,2605,360,
amplitude,nep_cav_w2400_lam0.1_disp0.01,0,2400,0.01,2245,2605,360,
amplitude,nep_cav_w2400_lam0.1_disp0.02,0,2400,0.02,2245,2605,360,
amplitude,nep_cav_w2400_lam0.1_disp0.04,0,2400,0.04,2231,2592,360,
