series,run,lambda,steps,resolution_cm-1,LP_cm-1,UP_cm-1,Rabi_cm-1
nep_chi,nep_bare,0.0,10000,6.7,2438,2438,0
nep_chi,nep_cav_w2400_lam0.02_chi,0.02,10000,6.7,2371,2458,87
nep_chi,nep_cav_w2400_lam0.05_chi,0.05,10000,6.7,2291,2491,200
nep_chi,nep_cav_w2400_lam0.1_chi,0.1,10000,6.7,2105,2525,420
nep_chi,nep_cav_w2400_lam0.13_chi,0.13,10000,6.7,1978,2531,554
nep_chi,nep_cav_w2400_lam0.17_chi,0.17,10000,6.7,1804,2538,734
nep_chi,nep_cav_w2400_lam0.2_chi,0.2,10000,6.7,1678,2545,867
nep_chi,nep_cav_w2400_lam0.25_chi,0.25,10000,6.7,1491,2545,1054
nep_chi,nep_cav_w2400_lam0.3_chi,0.3,10000,6.7,1331,2552,1221
nep_nochi,nep_bare,0.0,10000,6.7,2438,2438,0
nep_nochi,nep_cav_w2400_lam0.02_nochi,0.02,10000,6.7,2378,2458,80
nep_nochi,nep_cav_w2400_lam0.05_nochi,0.05,10000,6.7,2331,2511,180
nep_nochi,nep_cav_w2400_lam0.1_nochi,0.1,10000,6.7,2245,2605,360
nep_nochi,nep_cav_w2400_lam0.13_nochi,0.13,10000,6.7,2198,2665,467
nep_nochi,nep_cav_w2400_lam0.17_nochi,0.17,10000,6.7,2131,2745,614
nep_nochi,nep_cav_w2400_lam0.2_nochi,0.2,10000,6.7,2085,2805,720
nep_nochi,nep_cav_w2400_lam0.25_nochi,0.25,10000,6.7,2011,2912,901
nep_nochi,nep_cav_w2400_lam0.3_nochi,0.3,10000,6.7,1938,3018,1081
pyscf_nochi,pyscf_bare,0.0,800,83.3,2374,2374,0
pyscf_nochi,pyscf_cav_w2400_lam0.05_nochi,0.05,800,83.3,2290,2457,167
pyscf_nochi,pyscf_cav_w2400_lam0.1_nochi,0.1,800,83.3,2207,2540,333
pyscf_nochi,pyscf_cav_w2400_lam0.2_nochi,0.2,800,83.3,2041,2790,750
pyscf_nochi,pyscf_cav_w2400_lam0.3_nochi,0.3,800,83.3,1874,2957,1083
